<?xml version = "1.0" encoding = "utf-8" ?> 

<!--********** Copyright 2016 Roku Corp.  All Rights Reserved. **********-->

<component name = "MainScene" extends = "Scene">
  <script type="text/brightscript" uri="MainScene.brs" />
  <script type="text/brightscript" uri="UILogic/InitialScreenLogic.brs" />
  <script type="text/brightscript" uri="UILogic/ScreenStackLogic.brs" />
  <interface>
<field id="offline" type="boolean" value="false" alwaysNotify="true" onChange="onOfflineChanged"/>
</interface>

  <children >

      <Label
      id="loadingIndecator"
      text="Loading..."
      translation="[350, 300]"
      font="font:LargeBoldSystemFont"
    />

       <Poster
      id="posterSplash"
      uri="pkg:/images/splash.jpg"
      width="1280"
      height="720"
      translation="[0,0]"
    />

      <BusySpinner
      id = "exampleBusySpinner"
      visible = "true" />
  </children>
</component>
