[
  {
    "title":"Animations",
    "checked":true
  },
  {
    "title":"Food",
    "checked":true
  },
  {
    "title":"Games",
    "checked":true
  },
  {
    "title":"Fun",
    "checked":true
  },
  {
    "title":"Entertainment",
    "checked":false
  },
  {
    "title":"Sports",
    "checked":false
  },
  {
    "title":"Business",
    "checked":false
  },
  {
    "title":"Podcast",
    "checked":false
  },
  {
    "title":"Religious",
    "checked":false
  },
  {
    "title":"Cartoons",
    "checked":false
  },
  {
    "title":"Anime",
    "checked":false
  },
  {
    "title":"Comedy",
    "checked":false
  },
  {
    "title":"Horror",
    "checked":false
  },
  {
    "title":"Adventure",
    "checked":false
  },
  {
    "title":"Kids",
    "checked":true
  }
]